frase,situacao
"O uso preferencial da enoxaparina versus HNF é sugerido por dados de revisão sistemática dos ensaios randomizados em todo o espectro das SCA, sendo demonstrado que a enoxaparina é mais eficaz que a HNF em prevenir o desfecho combinado de morte por qualquer causa ou sangramento grave em pacientes com SCASSST submetidos à ICP.191-193 Fondaparinux é uma opção segura conforme proposta inicial de tratamento não invasivo, e, se posteriormente indicado cateterismo, está recomendado o uso de HNF durante o procedimento pelo risco de trombose de cateter.194,195 Paciente em uso prévio de anticoagulantes orais de ação direta, em vigência de SCA, deve ser manejado com cautela visando não incrementar o risco hemorrágico.",alto risco
"Quadro 3.3 – Recomendações para seleção da energia do desfibrilador/ cardioversor Recomendações Classe de Recomendação Nível de Evidência Realizar desfibrilação com a dose máxima recomendada pelo fabricante (120 a 200 J bifásica ou 360 J monofásica) I B Sempre realizar um ciclo de RCP (2 minutos) após cada procedimento de desfibrilação I B Sempre utilizar sedativos antes da CVE I C Sempre acionar o sincronismo antes da realização da CVE I B Utilizar energia máxima (200 J no desfibrilador bifásico se a dose inicial recomendada pelo fabricante for desconhecida e 360 J no desfibrilador monofásico) durante o procedimento de desfibrilação IIa C Utilizar a sequência de energia de 100 J, 200 J, 300 J e 360 J durante a CVE, utilizando-se do cardioversor monofásico IIa B O nível de energia não está padronizado para os cardioversores bifásicos, devendo-se utilizar níveis de energia inferiores (geralmente a metade) daqueles padronizados para o desfibrilador monofásico IIa C Realizar choques sucessivos se o paciente mantém o mesmo ritmo após a tentativa de CVE inicial IIb C A intubação orotraqueal é obrigatória antes da realização da desfibrilação ou CVE III C RCP: ressuscitação cardiopulmonar;",alto risco
"Relato de Caso Uma Forma Complicada de Infarto de “Um Segmento” Miocárdico: O Papel da Imagem Cardiovascular A Complicated “One Segment” Myocardial Infarction: The Role of Cardiovascular Imaging Ana Rita Pereira,1 Ana Rita Almeida,1 Inês Cruz,1 Luis Rocha Lopes,2,3,4 Maria José Loureiro,1 Hélder Pereira1,4 Serviço de Cardiologia, Hospital Garcia de Orta EPE,1 Almada - Portugal Barts Heart Centre, Barts Health NHS Trust,2 Londres - Inglaterra Institute of Cardiovascular Science, University College London,3 Londres - Inglaterra Centro Cardiovascular, Centro Académico de Medicina de Lisboa, Universidade de Lisboa,4 Lisboa - Portugal Introdução A incidência de complicações mecânicas (CM) após o infarto do miocárdio (IM) foi reduzida para menos de 1% com o uso rotineiro de terapias de reperfusão primária.1 As CM são classificadas como precoces, incluindo as formas agudas e subagudas, e tardias ou crónicas.2 As primeiras apresentam-se principalmente como choque cardiogênico2 e as últimas podem variar de assintomáticas a apresentação com morte súbita.3 Como todas essas condições podem ter consequências potencialmente letais, são necessários diagnóstico e tratamento oportunos.1-3 Relato de Caso Uma mulher de 57 anos de idade e fumante foi admitida no Serviço de Emergência com dor no peito anterior opressiva, náusea e vômito.",alto risco
"Por outro lado, hipertensão, diabetes, hiperlipidemia e tabagismo, fatores de risco para doença coronariana, não foram diretamente associados à cardiotoxicidade.8 Nas Diretrizes ESC 2022 para o manejo de pacientes com arritmias ventriculares e prevenção de morte súbita cardíaca, a indicação do CDI para sobreviventes de parada cardíaca por FV definida sem causa reversível é classificada como classe Ia.9 Os médicos hesitam em implantar um CDI em pacientes que apresentam morte súbita cardíaca porque consideram o risco de recorrência da morte súbita cardíaca após a alta, mesmo que haja uma causa secundária clara, e para evitar responsabilidade legal.",alto risco
"Já pacientes com FA de etiologia valvar (estenose mitral grave ou prótese valvar mecânica) ou evento embólico prévio apresentam risco Tabela 10 – Indicações para o uso de antídotos em pacientes em uso de anticoagulantes de ação direta (ACOD) Sangramento com risco de morte: sistema nervoso central, hemorragia incontrolável Sangramento em cavidade ou órgão críticos: intraespinal, intraocular, pericárdico, retroperitoneal, intramuscular com síndrome compartimental Sangramento maior apesar de medidas de hemostasia local ou risco de sangramento recorrente Cirurgia ou intervenção de emergência em pacientes com alto risco de sangramento: neurocirurgia, punção lombar, cirurgia cardíaca, vascular e hepática Tabela 11 – Antídotos utilizados para os anticoagulantes de ação direta (ACOD) Antídoto Alvo Descrição Estudo principal Critério de inclusão Resultados principais Idarucizumabe Dabigatrana Fragmento de anticorpo monoclonal RE-VERSE AD165 Hemorragia incontrolável (GI ou SNC) Cirurgia urgente Sangramento cessou em média 2,5 h Reversão completa da dabigatrana em 97,5% dos pacientes Andexanete Inibidor direto do fator Xa Molécula recombinante derivada do fator Xa humano ANNEXA-4171 Sangramento maior (trato GI e SNC, 18 h após ACOD) Hemostasia efetiva em 12 h em 82% dos pacientes Redução de 92% da atividade da apixabana e rivaroxabana Ciraparantag* Inibidor direto do fator Xa Molécula sintética, reverte inibidores diretos orais do fator Xa Ansell et al.167 Medicamento em investigação Reversão total da ação anticoagulante em até 30 min *Não provado para uso na prática clínica.",alto risco
"INFARTO AGUDO DO MIOCÁRDIO ADMINISTRAÇÃO ACELERADA (até 6 horas após o início dos sintomas) Em pacientes com peso corpóreo ≥65 kg DOSE TOTAL: 100 mg em 90 min ACTILYSE PROFISSIONAL abcd ACTILYSE_Bula Profissional 20120904/ I13-00 9 1-2 minutos 15 mg Retirar 15 ml (15 mg) da solução de ACTILYSE do primeiro frasco de 50 mg, utilizando seringa estéril.",alto risco
"Discussão As manifestações clínicas típicas da infecção aguda por CHIKV são febre, dor de cabeça, poliartralgia/poliartrite, mialgia, erupção cutânea e fadiga.11 Manifestações atípicas também têm sido descritas afetando os sistemas cardiovascular, nervoso, ocular, cutâneo e outros.6,12-14 O espectro clínico da doença cardíaca causada pelo vírus Chikungunya varia de alterações eletrocardiográficas assintomáticas a complicações cardíacas potencialmente letais.6 As manifestações da infecção aguda pelo DENV são muito semelhantes às da CHIKV, com menor prevalência de manifestações articulares.15 O envolvimento do coração na infecção por DENV não é incomum.",alto risco
"Após, é discutido o papel dos miRNAs como biomarcadores circulantes e então o seu papel no remodelamento cardíaco e na aterosclerose.",baixo risco
"Diretriz Brasileira de Fibrilação Atrial - 2025 Quadro 5 – Recomendações para prevenção de fenômenos tromboembólicos na fibrilação atrial (FA) não valvar Recomendação para prevenção de fenômenos tromboembólicos na fibrilação atrial não valvar Classe de recomendação Nivel de evidência O escore CHA2DS2-VA deve ser empregado em todos os pacientes I A Em pacientes com escore CHA2DS2-VA ≥ 2, é recomendada a terapia antitrombótica I A Pacientes de baixo risco, com CHA2DS2-VA = 0, não têm indicação para terapia antitrombótica I A Em pacientes com escore CHA2DS2-VA = 1, a terapia antitrombótica pode ser instituída, levando-se em consideração o benefício clínico, o risco de sangramento, a forma de apresentação da FA e a preferência do paciente IIa B Anticoagulação oral é recomendada para todos os pacientes com FA e miocardipatia hipertrófica, amiloidose cardíaca e hipertireoidismo a despeito do escore CHA2DS2-VA, para a prevenção dos eventos embólicos I B A reavaliação periódica do risco tromboembólico e de sangramento é recomendada nos pacientes com FA I B Para avaliação do risco de sangramento, o escore HAS-BLED pode ser considerado para auxiliar na identificação dos fatores modificáveis em pacientes de alto risco IIa B Em pacientes elegíveis a terapia antitrombótica, os ACOD são preferíveis aos AVK, exceto em pacientes com válvula cardíaca mecânica ou estenose mitral moderada a grave I A Para pacientes em uso de AVK, o RNI deve ter como alvo 2,0-3,0 e deve permanecer mais que 70% do tempo em faixa terapêutica I B Terapia com antiagregantes plaquetários isolados ou em combinação não é recomendada para prevenção de fenômenos tromboembólicos em pacientes com FA III A A estimativa do risco de sangramento, na ausência de contraindicações absolutas, não deve guiar a decisão da terapia antitrombótica III A A anticoagulação oral em pacientes com FA subclínica pode ser considerada com edoxabana ou apixabina, levando-se em consideração risco, benefício e preferência do paciente IIa B AVK: antagonistas da vitamina K;",alto risco
"O uso do ACOD é uma contraindicação relativa à trombólise, devendo esses pacientes ser triados preferencialmente à estratégia de angioplastia primária.198 A via de acesso radial deve ser priorizada dado o menor risco de sangramento, assim como deve-se evitar o uso de inibidores da P2Y12 mais potentes, como prasugrel e ticagrelor.198,199 Pacientes com SCA com supradesnível do segmento ST, assim como SCA sem supradesnível do segmento ST de alto risco, devem receber dose adicional de anticoagulante parenteral (por exemplo, heparina não fracionada 60 UI/kg ou enoxaparina 0,5 mg/kg), independentemente da última dose do ACO.200 Em casos de SCA sem supradesnível do segmento ST e sem critérios para intervenção coronária percutânea de emergência, recomenda-se a suspensão do ACOD (até RNI < 2 se uso de varfarina, por 24 h se ACOD e TFG > 30 mL/ min e por 36 h se ACOD e TFG < 30 mL/min) associada à anticoagulação parenteral até o momento do procedimento.201 As recomendações para o uso de anticoagulantes na fase aguda da SCA estão no Quadro 9.",alto risco
"Redução de estrogênio, obesidade e insuficiência cardíaca citocinas pró-inflamatórias e outros mediadores prejudiciais (por exemplo, TNF-α e IL-6),72 chamados coletivamente de adipocinas, são liberados dos repositórios adiposos locais.61,72-74 A distinção entre os dois depósitos de gordura e sua respectiva ligação à DDFVE pode ser importante anatômica e bioquimicamente.",baixo risco
"I C Clopidogrel (dose de ataque), independentemente da estratégia inicial (conservadora ou invasiva) em pacientes de muito alto risco para sangramento ou necessidade de anticoagulação oral a longo prazo.",alto risco
"Artigo de Revisão GDF-15 como Biomarcador em Doenças Cardiovasculares GDF-15 as a Biomarker in Cardiovascular Disease Bruna Miers May,1 Mauricio Pimentel,2 Leandro Ioschpe Zimerman,2 Luis Eduardo Rohde2 Universidade Federal do Rio Grande do Sul - Programa de Pós-Graduação em Ciências da Saúde: Cardiologia e Ciências Cardiovasculares,1 Porto Alegre, RS - Brasil Hospital de Clinicas de Porto Alegre,2 Porto Alegre, RS - Brasil Resumo Nos últimos anos, vários biomarcadores estão ganhando importância clínica na avaliação diagnóstica e prognóstica de pacientes com doenças cardiovasculares.",baixo risco
"120(12):e20230217 Relato de Caso Uma Causa Rara e Tratamento da Fibrilação Ventricular: Toxicidade do 5-Fluorouracil A Rare Cause and Management of Ventricular Fibrillation: 5-Fluorouracil Toxicity Kutluhan Eren Hazir1 e Cenk Sari1 Izmir Provincial Health Directorate Izmir University of Health Sciences Tepecik Training and Research Hospital Ringgold standard institution - Department of Cardiology,1 Konak, İzmir – Turquia Resumo Um homem de 65 anos com histórico de carcinoma de língua procurou o pronto-socorro com contrações insensíveis estando em casa.",alto risco
Índices Hematológicos e Risco Cardiovascular O presente estudo é uma revisão narrativa que visa reunir e preparar uma síntese e uma avaliação crítica da potencial contribuição destes novos marcadores hematológicos para o risco cardiovascular e a mortalidade.,baixo risco
"No entanto, a fisiopatologia da aterosclerose envolve a interseção complexa de dislipidemia, inflamação, disfunção endotelial e ativação plaquetária, entre outros fatores.25 Dados recentes demonstram possíveis associações entre cada uma dessas vias com os níveis plasmáticos das ceramidas, indicando associação e causalidade plausíveis desse biomarcador em DCV aguda e instabilidade da placa aterosclerótica.",baixo risco
"Os miRNAs poderiam ser utilizados, por exemplo, como biomarcadores da insuficiência cardíaca (IC), fibrilação atrial, infarto agudo do miocárdio (IAM) e aterosclerose, por meio de sua detecção no plasma sanguíneo (Figura 2).",baixo risco
"Nesta análise, os autores mostraram o miR483-5p como um potencial biomarcador da FA pós-operatória, com precisão preditiva global de 78%.33 Os miR-23a e -26a também teriam a capacidade de prever a FA pós-operatória, uma vez que seus 740 Artigo de Revisão Silva et al miRNAs e doença cardiovascular Arq Bras Cardiol.",baixo risco
"Além da placa aterosclerótica, o acúmulo de colesterol também ocorre na musculatura lisa esquelética, interferindo na expressão do transportador de glicose tipo 4, o que ocasiona defeito no transporte muscular de glicose e prejudica sua capacidade de síntese de glicogênio.15 As ceramidas também estimulam a apoptose das células β pancreáticas, reduzindo diretamente a produção de insulina.16 Major et al.,17 demonstraram que as ceramidas podem mimetizar os efeitos citotóxicos do fator de necrose tumoral, da interleucina 1 beta e do interferon-gama nas células β pancreáticas, desencadeando inflamação e apoptose.17 O acúmulo de ceramida nos tecidos resulta na disfunção metabólica de múltiplos órgãos e no desenvolvimento de complicações do diabetes.",baixo risco
"Atualmente, não podemos prevenir com precisão a recorrência de eventos isquêmicos agudos, claramente demonstrando a grande necessidade de biomarcadores que possam prever a instabilidade da placa aterosclerótica coronariana.3 Estudos recentes têm destacado o papel fisiopatológico de outras classes lipídicas além do colesterol de lipoproteína de baixa densidade (low density lipoprotein, LDL) na aterosclerose e no IAM, incluindo ceramidas, esfingomielina, fosfatidilcolinas e ésteres de colesterol.4,5 As ceramidas participam de múltiplas vias envolvidas na sinalização de danos celulares, causando a liberação de citocinas próinflamatórias que modulam diretamente a apoptose por meio da expressão gênica de proteínas pró-apoptóticas.6 Nosso grupo tem trabalhado no desenvolvimento de biomarcadores lipídicos por meio de espectrometria de massa, entre outras técnicas de biologia molecular, para o desenvolvimento de um biomarcador plasmático capaz de diagnosticar a instabilidade da placa aterosclerótica e prever reinfartos cardíacos e a progressão para insuficiência cardíaca (IC) em pacientes com síndrome coronariana aguda (SCA).",baixo risco
"Quadro 2.5 – Orientação do Suporte Básico de Vida realizado por leigos Recomendação Classe de Recomendação Nível de Evidência Treinamento de indivíduos leigos em RCP e uso do DEA pode elevar substancialmente a probabilidade de um espectador realizar a RCP e aumentar a sobrevida de uma vítima que sofreu parada cardíaca I B O serviço médico de emergência deve orientar a realização de compressões torácicas contínuas para leigos que se depararem com vítima não responsiva sem respiração normal I B O leigo não treinado deve realizar compressões torácicas contínuas, ao invés de RCP convencional I C RCP: ressuscitação cardiopulmonar;",alto risco
"Esta análise concentrou-se apenas na ICFEP, e, especificamente, as características do fenótipo do portador de ICFEP “obeso, do sexo feminino e fadigado”.21 Uma revisão da literatura de todos os fenótipos clínicos de ICFEP de referência para o leitor é a realizada por Silverman.20 Independentemente do fenótipo biológico, Palavras-chave Estrogênio;",baixo risco
"DOI: 10.5935/abc.20180095 Introdução A cardiomiopatia crônica de Chagas se manifesta tardiamente após a infecção com Trypanosoma cruzi e ainda é uma das principais causas de insuficiência cardíaca em fase terminal na América Latina.1 As experiências publicadas2,3 sobre transplantes cardíacos para doença de Chagas crônica têm demonstrado a viabilidade e eficácia desta terapia, uma vez que a reativação da doença não é uma grande preocupação quando é diagnosticada e tratada corretamente a tempo.4 No entanto, a necessidade de algum suporte circulatório mecânico na lista de espera aumentou progressivamente, de acordo com o relatório anual da International Society of Heart and Lung Transplantation.5 Considerando que a experiência com suporte circulatório mecânico na América Latina é muito limitada, e a insuficiência sistólica biventricular é comum na cardiomiopatia chagásica, é necessário esclarecer muitas questões não respondidas sobre as modalidades de suporte.",alto risco
"Esse grupo de comorbidades relacionadas à obesidade, direta ou indiretamente (por exemplo, efeito colateral de quimioterapia com antraciclinas)2 frequentemente culmina em insuficiência cardíaca (IC).3-6 Apesar de a obesidade, definida como um índice de massa corporal (IMC) >30 kg/m2, é um preditor independente de IC incidente na população geral, há evidências de que o próprio sobrepeso (IMC 25-29 kg/m2) representa um aumento no risco de IC.7-10 Vários estudos mostram que medidas de adiposidade, tais como circunferência de cintura (CC), são melhores que medidas de adiposidade global, tais como peso e IMC, para se estimar o risco de DCV.11-16 A CC é independentemente associada à disfunção diastólica do ventrículo esquerdo (DDFVE), definida por parâmetros ecocardiográficos.17 Tanto a DDFVE quanto a obesidade são fatores comuns que contribuem para o aparecimento de insuficiência cardíaca com fenótipo de fração de ejeção preservada (ICFEP), e parecem ter uma ligação causal.17-19 Em um breve resumo, pacientes com IC pode ter fenótipos diferentes, de acordo com as características morfofuncionais da doença.20 Em resumo, os pacientes de IC são classificados de acordo com a função VE;",baixo risco
"I A Clopidogrel (300mg em dose de ataque, com manutenção de 75mg/dia) em adição ao AAS, em pacientes portadores de SCASSST de risco intermediário ou alto por 12 meses, em pacientes com risco muito alto de sangramento, em uso concomitante de anticoagulantes orais ou quando prasugrel ou ticagrelor não estiverem disponíveis.",alto risco
"111(5):738-746 níveis estão reduzidos no período pós-operatório de pacientes submetidos à intervenção coronária arterial de by-pass.34 O nível circulante reduzido do miR-126 serviria como candidato a biomarcador do desenvolvimento, progressão e severidade da FA e da IC, de acordo com estudo realizado em pacientes com FA, IC ou associação de ambos.35 Por fim, Gorem et al.,36 mostraram expressão reduzida do miR-150 nas plaquetas de pacientes com IC sistólica crônica associada à FA, comparado aos indivíduos sem FA, perfil também encontrado no soro desses pacientes.36 Na doença vascular aterosclerótica, já foi observada a produção de corpos apoptóticos derivados de células endoteliais, os quais continham grande quantidade de miR‑126 em seu interior e que eram, por sua vez, capazes de desencadear a produção de quimiocina CXCL12 nas células vasculares receptoras.37 O miR-212 circulante é sugerido por Jeong et al.,38 como um biomarcador da aterosclerose, visto que ele aumenta a predição da aterosclerose quando combinado a hemoglobina A1c, HDL e lipoproteína (a).",baixo risco
"Achados deste estudo também sugerem que, no nível populacional, a massa e a geometria do VE tem pouca ou nenhuma influência na patogênese das anormalidades diastólicas do VE causadas por obesidade.36 É interessante observar que não há relação entre CC e FEVE (disfunção sistólica), confirmando os achados de outros pesquisadores que identificaram a CC como fator de risco para ICFEP.7,9,17,37-43 Por último, é relevante observar que os dados relatados por esses autores foram restritos a mulheres, já que foi recrutada uma proporção limitada de participantes do sexo masculino.36 Dados adicionais do estudo clínico realizado por Canepa et al.,17 em que a amostra, para ambos os sexos, é parte do Baltimore Longitudinal Study of Aging (BLSA - Estudo Longitudinal de Envelhecimento de Baltimore) propõem que uma possível explicação fisiopatológica para a associação entre adiposidade e resultados cardiovasculares piores é sua relação com a DDFVE.",baixo risco
"Atualmente, são consideradas biomarcadores emergentes nas doenças cardiovasculares, sendo utilizadas na predição de instabilidade da placa aterosclerótica e eventos cardiovasculares adversos de forma independente aos fatores de risco tradicionais.",baixo risco
"Se o volume plasmático não é corrigido, a hipotensão pode recidivar quando Epikabi® (hemitartarato de norepinefrina) for descontinuado, ou a pressão sanguínea pode ser mantida ao risco de severa vasoconstrição periférica e visceral (por exemplo, perfusão renal diminuída) com diminuição no fluxo e na perfusão sanguínea tissulares com subsequente hipóxia tissular e acidose láctica e provável lesão isquêmica.",alto risco
"Critérios de Framingham para diagnóstico de IC Critérios maiores Dispneia paroxística noturna Turgência jugular Cardiomegalia à radiografia de tórax Edema agudo de pulmão Terceira bulha (galope) Aumento da pressão venosa central (> 16 cm H2O no átrio direito) Refluxo hepatojugular Perda de peso > 4,5 kg em 5 dias em resposta ao tratamento Critérios menores Edema de tornozelos bilateral Tosse noturna Dispneia a esforços ordinários Hepatomegalia Derrame pleural Diminuição da capacidade funcional em um terço da máxima registrada previamente Taquicardia (FC > 120 bpm) Para o diagnóstico são necessários 2 critérios maiores ou 1 critério maior + 2 critérios menores.",alto risco
"A implicação clínica da ceramida levou à patente desse biomarcador nos EUA e na Europa, estando atualmente disponível para uso clínico em hospitais de referência, como a Mayo Clinic.20 Os exames de rastreamento são necessários para o acompanhamento da aterosclerose subclínica?",baixo risco
os pesquisadores enfatizaram que a CC pode representar uma condição pré-clínica progressiva que contribui para a IC diastólica causada por obesidade.36 A CC só foi superada pela idade e se igualou à pressão arterial em magnitude do efeito sobre a E/A.,baixo risco
"Fármacos Utilizados no Controle do Ritmo Os medicamentos antiarrítmicos estão divididos em quatro classes distintas, de acordo com a classificação proposta por Vaughan-Williams.261 A classe I é composta pelos bloqueadores Tabela 17 – Sugestões para o uso de anticoagulantes orais de ação direta (ACOD) de acordo com diferentes situações clínicas em pacientes com FA Situação clínica Anticoagulante oral sugerido Idoso Apixabana ou edoxabana Múltiplas comorbidades Apixabana ou edoxabana Alto risco de AVCi com baixo risco de sangramento Dabigatrana Alto risco de sangramento Apixabana ou edoxabana Alto risco de sangramento gastrointestinal Apixabana Disfunção renal Apixabana ou edoxabana Estenose mitral moderada/ grave ou prótese valvar mecânica Varfarina Bioprótese valvar Rivaroxabana Síndrome coronariana aguda Apixabana + clopidogrel (ticagrelor pode ser considerado.",alto risco
"Em contraste, os linfócitos regulam a resposta imune.8 Atualmente, novos marcadores têm sido caracterizados como potenciais fatores prognósticos para mortalidade em DCV, denominados índices inflamatórios hematológicos.",baixo risco
"Atuam como reguladores da expressão gênica em plantas e animais ao nível pós-transcricional, pela clivagem de um RNA mensageiro (RNAm) alvo ou da repressão de sua tradução.7 O primeiro miRNA (lin-4) foi descrito em 1993 pelo grupo de Rosalind Lee, estando ele associado à regulação do desenvolvimento larval de Caenorhabditis elegans (C.",baixo risco
"A maioria dos estudos refere-se a análises retrospectivas, secundárias e/ou post hoc de grandes bancos de dados10-12,23-25 ou a ensaios clínicos de terapia medicamentosa.26 Critérios diagnósticos da síndrome cardiorrenal aguda O primeiro trabalho a avaliar o impacto da piora da função renal em idosos internados com ICD, no ano de 2000, adotou como critério o aumento da creatinina em 0,3 mg/dl.10 Outro estudo demonstrou que aumentos de creatinina durante a internação da ordem de 0,1 mg/dl estavam associados a maior mortalidade hospitalar e tempo de internação.",alto risco
"Redução de estrogênio, obesidade e insuficiência cardíaca tratamento preventivo.35 Finalmente, os resultados deste estudo longitudinal confirmaram os achados das investigações transversais relacionadas à relação positiva entre CC e medidas ecocardiográficas da disfunção diastólica (por exemplo, relação E/e’).",baixo risco
"Devido ao risco aumentado de hemorragia, tratamento com inibidores de agregação plaquetária não deve ser iniciado nas primeiras 24 horas após trombólise com alteplase.",alto risco
"Portanto, devido aos valores semelhantes da curva característica de operação do receptor (receiver operating characteristic, ROC), novos métodos de rastreamento e estratificação de risco são necessários para melhorar a detecção precoce da instabilidade da placa.23 O desenvolvimento desse biomarcador possibilitaria a intervenção na progressão inicial da placa aterosclerótica, sendo, portanto, essencial para evitar o enorme custo adicional imposto pela fase sintomática da doença aterosclerótica.",baixo risco
"Nesse estudo, um aumento ≥0,3 mg/dl apresentou melhor sensibilidade e especificidade para prever óbito (81% e 62%, respectivamente) e tempo de internação maior que dez dias (64% e 65%, respectivamente).11 O aumento absoluto da creatinina em 0,3 mg/dl tem sido adotado pela maioria dos autores como critério para definir a SCRA.27 Entretanto, outros autores discordam desse critério por ele não considerar o grau de disfunção renal prévia, sugerindo o uso de uma das três diferentes classificações para definição de IRA.28 Essas definições não são específicas para ICD, tendo sido desenvolvidas para definição e classificação de IRA em diferentes cenários clínicos.",alto risco
"Em comparação aos fatores de risco CV clássicos, biomarcadores de proteína com vários painéis específicos de inflamação, resistência à insulina, lipídios, hemostasia, fibrinólise, dano oxidativo, estresse endotelial, entre outros, foram testados e apresentaram apenas um valor preditivo incremental limítrofe para eventos adversos CVs em longo prazo (AUC: 0,768 vs.",baixo risco
"Nível de Evidência B), devendo-se realizar a desfibrilação, assim que possível (Quadro 5.5).266-268 Quadro 5.2 – Orientação para a monitorização de manobras de ressuscitação cardiopulmonar no Suporte Avançado de Vida em adultos Recomendações Classe de Recomendação Nível de Evidência A utilização de dispositivos de feedback de RCP favorece a realização da RCP de alta qualidade e aumenta a sobrevida dos pacientes IIa B Valores de PETCO2 < 10 mmHg, indicam necessidade de melhora na qualidade da RCP IIa B Se houver aumento abrupto do PETCO2 (para 35 a 40 mmHg), é razoável considerar que houve RCE IIa B Valores de PETCO2 abaixo de 10 mmHg após 20 minutos de RCP referem-se a mau prognóstico e uma baixa probabilidade de RCE IIb B Quando disponíveis, os parâmetros fisiológicos devem ser considerados para monitorar e otimizar a RCP e detectar o RCE IIb C Se valores de pressão arterial diastólica < 20 mmHg, é razoável considerar melhorar a qualidade da RCP IIb C Checagem da pressão arterial invasiva pode reduzir o tempo de interrupção da RCP na checagem de pulso, em pacientes com atividade elétrica organizada IIb C A aferição contínua de saturação venosa central < 30% tem sido relacionada à impossibilidade de RCE IIb C A saturação venosa central pode auxiliar na detecção de retorno à RCE e na qualidade das compressões torácicas IIb C Coletar gasometria arterial durante a RCP tem valor incerto até o momento IIb C A ecocardiografia transtorácica ou transesofágica pode ser considerada para o diagnóstico e a tomada de decisão em situações como tamponamento cardíaco, dissecção de aorta e embolia pulmonar IIb C RCP: ressuscitação cardiopulmonar;",alto risco
"Quadro 9 – Recomendações para uso de anticoagulantes na fase aguda da síndrome coronariana aguda (SCA) Recomendações para o uso de anticoagulantes na fase aguda da SCA Classe de recomendação Nível de evidência Pacientes anticoagulados devem ser encaminhados preferencialmente à estratégia de angioplastia primária IIa C Pacientes com SCA com supradesnivelamento do segmento ST e anticoagulação oral devem receber dose usual de anticoagulação parenteral IIa C Pacientes com SCA sem supradesnivelamento do segmento ST e sem critérios de alto risco devem ter seu anticoagulante oral suspenso e transição realizada para anticoagulante parenteral IIa C Quadro 8 – Recomendações para anticoagulação de pacientes com doença cardíaca valvar e fibrilação atrial elegíveis para anticoagulação Recomendações para anticoagulação de pacientes com doença cardíaca valvar e fibrilação atrial elegíveis para anticoagulação Classe de recomendação Nível de evidência Em pacientes com próteses valvares mecânicas, a varfarina é o fármaco de escolha.",alto risco
Antagonistas da aldosterona São indicados para pacientes com insuficiência cardíaca com fração reduzida e que permanecem sintomáticos (classe II-IV da NYHA) apesar de tratamento com IECA/ARA II e betabloqueador nas maiores doses toleradas.,alto risco
"Apesar de menos frequente, a descompensação pode dar-se por infecções virais, fato que justifica a vacinação contra influenza nestes pacientes.3 Nos últimos anos diversas cidades brasileiras foram acometidas por epidemias de arboviroses antes consideradas raras como as causadas pelo vírus da Zika e da febre chikungunya.5 Tais epidemias chamaram atenção da comunidade científica não só pelo número de pacientes atingidos, mas principalmente pelas frequentes sequelas, como microcefalia em filhos de gestantes acometidas pelo vírus da Zika e pelas artralgias incapacitantes e crônicas secundárias à febre de chikungunya.",alto risco
"Os pesquisadores também identificaram que o efeito da adiposidade central sobre a DDFVE foi independente da adiposidade geral e, surpreendentemente, isso era mais pronunciado em homens que em mulheres.",baixo risco
"113(3):449-663 Quadro 5.5 – Orientação para desfibrilação Recomendação Classe de Recomendação Nível de Evidência Choque bifásico seguindo as recomendações do fabricante I B Choque bifásico com carga máxima, se desconhecidas as orientações do fabricante IIb C Realizar RCP enquanto se prepara a desfibrilação I B Atrasar desfibrilação para realizar RCP por 2 minutos IIb B RCP: ressuscitação cardiopulmonar.",alto risco
"I B Prasugrel 60mg de ataque seguidos por 10mg ao dia em pacientes portadores de SCASSST de risco moderado ou alto, com anatomia coronariana conhecida, tratados com ICP e sem fatores de risco para sangramento (idade ≥ 75 anos;",alto risco
Aqui são ilustrados alguns dos miRNAs encontrados no soro ou plasma sanguíneo que poderiam ser utilizados como biomarcadores de diagnóstico ou prognóstico de doenças cardiovasculares.,baixo risco
"Redução de estrogênio, obesidade e insuficiência cardíaca a ICFEP é uma síndrome clínica heterogênea, que inclui mecanismos fisiopatológicos de cardiomiócitos, de matriz extracelular, vasculares e relacionados a comorbidade.22 Ela é caracterizadas pela redução do volume diastólico final, hipertrofia do ventrículo esquerdo, e aumento do volume atrial esquerdo e da pressão de enchimento do ventrículo esquerdo.",baixo risco
"117(6):1191-1201 Artigo de Revisão Relações entre a Redução de Estrogênio, Obesidade e Insuficiência Cardíaca com Fração de Ejeção Preservada Crossroads between Estrogen Loss, Obesity, and Heart Failure with Preserved Ejection Fraction Allan Kardec Nogueira de Alencar,1 Hao Wang,2,6 Gláucia Maria Moraes de Oliveira,3 Xuming Sun,2 Gisele Zapata‑Sudo,4,5 Leanne Groban2,6 Faculdade de Medicina de Petrópolis,1 Petrópolis, RJ - Brasil Wake Forest School of Medicine - Departments of Anesthesiology,2 Winston-Salem, North Carolina - Estados Unidos da América Universidade Federal do Rio de Janeiro - Departamento de Clínica Médica, Faculdade de Medicina,3 Rio de Janeiro, RJ - Brasil Universidade Federal do Rio de Janeiro - Instituto de Ciências Biomédicas,4 Rio de Janeiro, RJ - Brasil Universidade Federal do Rio de Janeiro - Instituto de Cardiologia Edson Saad, Faculdade de Medicina,5 Rio de Janeiro, RJ - Brasil Wake Forest School of Medicine - Internal Medicine-Section of Molecular Medicine,6 Winston-Salem, North Carolina - Estados Unidos da América Resumo A prevalência de obesidade e insuficiência cardíaca com fração de ejeção preservada (ICFEP) aumenta significativamente em mulheres na pós-menopausa.",baixo risco
"Em 423 pacientes com IC aguda, as concentrações plasmáticas de ceramidas foram independentemente associadas à morte e à piora da função ventricular esquerda durante a hospitalização.27 A busca por evidências: ceramidas e predição de risco CV Prevenção primária: O estudo FINRISK incluiu pacientes sem eventos cardiovasculares prévios e mostrou que os níveis circulantes de ceramidas específicas (16:0, 18:0 e 24:1) estão significativamente associados a eventos cardiovasculares maiores subsequentes quando comparados a indivíduos que permaneceram assintomáticos.",baixo risco
Este relato de caso descreve a implantação bem-sucedida de um dispositivo de assistência ventricular esquerda de fluxo axial em paciente com insuficiência cardíaca terminal com insuficiência biventricular grave secundária à cardiomiopatia chagásica.,alto risco
"Esta diferença estatisticamente significativa foi principalmente causada por menos eventos de sangramento, sem diferença relatada em desfechos isquêmicos (p = 0,36), enquanto BARC sangramento ≥ 2 ocorreu com menos frequência no grupo com BULA PARA PROFISSIONAL DA SAÚDE – RDC 47/2009 Bissulfato de Clopidogrel_VPS_01.2019 6 descalonamento de agentes inibidores P2Y12 na Síndrome Coronária Aguda (4,0%) versus 14,9% no grupo descalonamento de agentes inibidores P2Y12 na Síndrome Coronária Aguda inalterado (p <0,01).",alto risco
"A ceramida é um biomarcador lipídico com papel emergente no diagnóstico precoce e na estratificação de risco, atuando como biomarcador de eventos cardiovasculares (CVs) primários e secundários em pacientes com aterosclerose clínica e subclínica suscetíveis ao desenvolvimento de eventos isquêmicos agudos.5,7 Ceramida: uma breve revisão da fisiologia desse novo biomarcador lipídico.",baixo risco
"Tratamento de infarto agudo do miocárdio (IAM) a) Regime de administração acelerada durante 90 minutos para pacientes que sofreram infarto do miocárdio, nos quais o tratamento possa ser iniciado dentro de 6 horas após o início dos sintomas: • Pacientes com peso corpóreo maior ou igual a 65 kg: administrar uma dose de 15 mg como bolo intravenoso, seguida de dose de 50 mg em infusão intravenosa durante os primeiros 30 minutos, seguida de infusão intravenosa de 35 mg durante os 60 minutos seguintes, até a dose máxima de 100 mg.",alto risco
"Esses dados não só corroboram o conceito de que a redistribuição da gordura após a perda de estrogênio pode contribuir para o avanço de doenças cardiovasculares, mas também identifica um biomarcador de risco simples e acessível, o produto de acumulação lipídica, que poderia identificar mulheres na pós-menopausa com risco cardiovascular mais alto.47 Modalidades de tratamento para perda de peso: uma abordagem baseada em evidências para medir resultados em pacientes com ICFEP Considerando a evidência clínica de interferência entre coração e “gordura”, em relação a ICFEP específica do sexo feminino, a redução do peso, ou a manutenção do peso corporal ideal é uma abordagem preventiva para mitigar alterações na estrutura e na função ventricular relacionadas à idade e à perda de estrogênio.",baixo risco
"Pacientes com IAMCSST com menos de 12 horas do início dos sintomas devem receber terapia trombolítica imediatamente (dentro de 30 min.), quando a ICP primária não pode ser realizada dentro de 90 minutos da admissão.",alto risco
"Assim, os miRNAs podem ser detectados de forma confiável em amostras plasmáticas, sendo apontados como potenciais biomarcadores no diagnóstico das DCVs.19 O fato dos miRNAs serem sequências pequenas e agirem sem a necessidade de pareamento completo faz com que um único miRNA possa ter como alvo dezenas de RNAm, assim como um único RNAm pode ser alvo de múltiplos miRNAs, gerando assim um grande poder regulatório da expressão genética.20 miRNAs como biomarcadores circulantes Estudos apontam que o nível circulante de miRNAs está alterado em algumas DCVs, despertando assim o interesse em seu uso como ferramenta de diagnóstico clínico e prognóstico, Figura 1 – Síntese do miRNA e sua ação sobre o RNA mensageiro.",baixo risco
"no entanto, devido às limitações na precisão preditiva, principalmente em pacientes com alto risco CV, a otimização das ferramentas de risco por meio da recalibração de escores ou da associação com biomarcadores é frequentemente necessária para uma maior acurácia preditiva em diferentes populações.",baixo risco
"As diretrizes atuais endossam o controle do colesterol LDL e a medição de marcadores inflamatórios inespecíficos, como a proteína C reativa, para a estratificação de risco CV.",baixo risco
"Diretriz Brasileira de Fibrilação Atrial - 2025 elevado, devendo sempre ser tratados com a mesma estratégia para duração superior a 24 horas.179 Essa abordagem também se aplica aos pacientes com escore maior ou igual a 2 em homens e maior ou igual a 3 em mulheres cuja FA tenha duração entre 12 e 24 horas.179 A anticoagulação oral deve ser continuada por, pelo menos, 4 semanas após a cardioversão em todos os pacientes independentemente da sua duração e perfil de risco.179 Após esse período, a manutenção da anticoagulação oral depende do risco tromboembólico: CHA2DS2-VA ≥ 2 Quadro 6 – Recomendações para o manejo de sangramento ativo em pacientes em uso de anticoagulantes de ação direta (ACOD) Recomendações para o manejo de sangramento ativo em pacientes em uso de ACOD Classe de recomendação Nível de evidência Interromper o uso do ACO até identificação e tratamento do sangramento leve, moderado ou grave I C Realizar intervenções diagnósticas para identificação do sítio de sangramento em pacientes sem causa identificada I C Uso de idarucizumab em pacientes com sangramento grave e risco de morte secundário ao uso de dabigatrana IIa B Uso de andexanet em pacientes com sangramento grave e risco de morte secundário ao uso de anticoagulanetes inibidores fator Xa IIa B Uso de carvão ativado e lavagem gástrica nas primeiras 4 h após o uso do ACOD em paciente com sangramento moderado ou grave IIa C Concentrado de complexo protrombínico na vigência de sangramento moderado ou grave sem resposta ao antídoto IIa C Uso de plasma fresco congelado ou concetrado de plaquetas em pacientes com sangramento moderado sem disponibilidade de outras terapias IIa C Uso de carvão ativado em casos de hemorragia digestiva III C Tabela 12 – Estudos clínicos com o uso dos ACOD para cardioversão de FA X-VeRT ENSURE-AF EMANATE Anticoagulante Rivaroxabana Edoxabana Apixabana Número de pacientes 1.504 2.199 1.500 Desenho do estudo Randomizado Randomizado Randomizado Duração de FA ≥ 48 h ≥ 48 h < 48 h e ≥ 48 h Comparador AVK AVK/heparina de baixo peso molecular AVK/heparina Estratégia ETE + rivaroxabana por pelo menos 4 horas antes da CVE ETE + edoxabana por pelo menos 2 horas antes da CVE Apixabana por pelo menos 2 horas antes da CVE ou após 5 doses Anticoagulação após CVE 42 dias 28 dias 30 dias Desfecho eficácia Composto por AVC, AIT, embolia sistêmica, infarto ou morte cardiovascular Composto por AVC, AIT, embolia sistêmica, infarto ou morte cardiovascular AVC, embolia sistêmica, mortalidade Resultado ACOD & AVK 5 (0,5%) vs.",alto risco
"Fundamentos do Pré-tratamento com Bloqueadores de P2Y12 O objetivo do pré-tratamento com segundo antiplaquetário potente na SCASSST seria a possibilidade de alcançar inibição plaquetária eficaz e prevenção de maior agregação, sobretudo preparando e protegendo o paciente para estratégia invasiva, potencialmente reduzindo a extensão da trombose, risco de IAM recorrente e minimizando o risco de complicações relacionadas à ICP como trombose de stent e infarto periprocedimento.142 Em contrapartida, a proposta de pré-tratamento tem reconhecido impacto em aumentar o risco de sangramento associado ou não à cirurgia de revascularização miocárdica, fator que está associado a um relevante aumento da morbimortalidade na SCA.143-145 Uma questão importante se refere ao tempo mínimo ideal para ação clinicamente eficaz do fármaco, sabendo que até mesmo os mais potentes agentes antiplaquetários orais eficazes requerem pelo menos 30 a 60min para inibição plaquetária efetiva e, assim, obter “pré-tratamento apropriado” antes de cateterismo e perspectiva de ICP.146-149 A utilização do segundo agente plaquetário seguindo a proposta de pré-tratamento com bloqueadores de P2Y12 foi adotada nos estudos CURE (clopidogrel)150,151 e PLATO (ticagrelor);152,153 no estudo TRITON, o prasugrel poderia ser administrado somente após a identificação da anatomia coronariana.154 6.2.5.1.2.",alto risco
"Como exemplo, uma recente revisão sistemática com meta‑análise mostrou que o miR-423-5p, associado ao peptídeo natriurético atrial (ANP), teria um potencial valor diagnóstico para a detecção da IC.29 Na IC crônica, Cakmak et al.,30 mostraram que o miR-182 teria maior valor prognóstico para mortalidade cardiovascular, caracterizada pela morte súbita inexplicável, IC descompensada ou arritmia hemodinamicamente significativa, comparado ao NT-proBNP e a proteína C reativa (PCR) de alta sensibilidade pela análise da curva ROC em pacientes com IC compensado (NYHA II, n = 20) e descompensados (NYHA III, n = 22), comparado a controles saudáveis (n = 15).30 Um panorama mais completo dos miRNAs envolvidos na IC aguda e crônica pode ser visto na revisão recentemente publicada de Vegter e colaboradores.31 Considerando os estudos em pacientes com fibrilação atrial (FA), já foi observado que pacientes com IC crônica estável com FA e fração de ejeção < 40% apresentam uma redução significativa dos níveis plasmáticos de miR-150 comparados aos seus controles saudáveis.32 Harling et al.,33 estudaram o plasma coletado no pré-operatório 24 horas antes de cirurgia de revascularização miocárdica, para avaliar a precisão diagnóstica do miRNA na fibrilação atrial pós-operatória.",baixo risco
"A adiposidade pericárdica excessiva contém altos níveis de mediadores pró-inflamatórios que, quando liberados dos adipócitos, promovem uma rotação de colágeno, levando à rigidez miocárdica, lusitropismo prejudicado e subsequente DDFVE.82 Realmente, Konishi et al.,61 relataram que um volume alto de gordura pericárdica estava relativamente correlacionado a aumentos derivados de Doppler na pressão de enchimento, ou E/e’, em pacientes com ICFEP.",baixo risco
"Com o objetivo de descrever e discutir o papel das ceramidas na estratificação das doenças cardiovasculares, o desenvolvimento desta revisão narrativa contextualiza a importância desse biomarcador no cenário atual da cardiologia.",baixo risco
"Após, é discutido o papel dos miRNAs como biomarcadores circulantes de DCVs e então o seu papel no remodelamento cardíaco e na aterosclerose.",baixo risco
"IC 95% 0,71-0,96, p = 0,01), sem aumento de sangramento maior em pacientes submetidos à ICP em até 48h.159 Outra metanálise que incluiu 23 estudos e 60.907 pacientes teve o objetivo de comparar a eficácia e a segurança dos inibidores plaquetários P2Y12: clopidogrel, ticagrelor e prasugrel administrados em dois cortes de tempo diferentes em relação à ICP: precoce (< 2h pré-ICP) versus tardio (>2h pré-ICP ou pós-ICP).",alto risco
21 Contraindicações absolutas Contraindicações relativas Qualquer sangramento intracraniano História de AVC isquêmico > 3 meses ou patologias intracranianas não listadas nas contraindicações AVC isquêmico nos últimos três meses Gravidez Dano ou neoplasia no sistema nervoso central Uso atual de antagonistas da vitamina K: quanto maior o INR maior o risco de sangramento Trauma significante na cabeça ou rosto nos últimos três meses Sangramento interno recente < 2-4 semanas Sangramento ativo ou diástese hemorrágica (exceto menstruação) Ressuscitação cardiopulmonar traumática ou prolongada (> 10 min) ou cirurgia < 3 semanas Qualquer lesão vascular cerebral conhecida (malformação arteriovenosa) Hipertensão arterial não controlada (pressão arterial sistólica > 180 mmHg ou diastólica > 110 mmHg) Suspeita de dissecção de aorta Punções não compressíveis História de hipertensão arterial crônica importante e não controlada Úlcera péptica ativa Exposição prévia a SK (mais de 5 dias) ou reação alérgica prévia DOSES DE TROMBOLÍTICOS : AGENTE TRATAMENTO ANTITROMBÓTICOS SK 1.5 milhões UI em 100 ml SG 5% ou SF 0.9% em 30-60 min HNF ajustada pelo peso ou Enoxaparina ou fondaparinux por até 8 dias.,alto risco
"D) Diagnóstico diferencial das taquicardias de QRS estreito A MSC e a adenosina podem produzir quatro resultados em pacientes com taquicardia de QRS estreito (Figura 5.12): • Diminuição da atividade do nó sinusal, causando redução transitória da atividade atrial (pacientes com taquicardia Quadro 5.9 – Orientação para o tratamento farmacológico das bradicardias Recomendação Classe de Recomendação Nível de Evidência Atropina IIa B Marca-passo transcutâneo IIa B Adrenalina e dopamina IIb B 488 Atualização Atualização da Diretriz de Ressuscitação Cardiopulmonar e Cuidados Cardiovasculares de Emergência da Sociedade Brasileira de Cardiologia – 2019 Arq Bras Cardiol.",alto risco
"Em um estudo de coorte retrospectivo realizado com 211 pacientes com arteriosclerose obliterante de membros inferiores (ASO), a NRL foi associada a maior readmissão de pacientes e maior taxa de mortalidade no período de um ano, mostrando-se um marcador útil para monitorar a evolução da condição clínica de pacientes com ASO de membros inferiores, que pode ser usada como preditor de alto risco cardiovascular e mortalidade geral.7 A dNLR é proposta como uma possibilidade de substituir o NLR quando há apenas informações sobre a contagem global de leucócitos e neutrófilos, não sendo necessária a contagem de linfócitos.18 Figura 1 – Diagrama de fluxo dos artigos incluídos na revisão.",baixo risco
"24 Hospital com Hemodinâmica IAM com Supra ST ou BRE novo Tempo porta-balão < 90 min e Tempo de atraso < 60 min ICP primária Contraindicação à trombólise Transferência para ICP primária Garantia de tempo de transferência < 60 min Sim Sim Não Fluxograma de Reperfusão Miocárdica no IAM com Supra ST Choque cardiogênico Sim ICP de resgate Tempo de sintoma < 12h Sim Não Tempo de sintoma < 36h e Tempo de choque < 18h Sim Tto clínico otimizado Sim Não Não Tempo de sintoma < 3h Contraindicação à trombólise Não Não Não Não Sim Critérios de reperfusão após 90 minutos Tto clínico otimizado Sim Não Sim Sim Não Transferência para ICP primária Trombólise Transferência rápida para UCo (<24h) Transferência rápida para UCo (<24h) Trombólise 25 6 TERAPIA FARMACOLÓGICA ADICIONAL 6.1 Bloqueadores do sistema renina-angiotensina-aldosterona Os inibidores da enzima conversora de angiotensina (IECA) reduziram eventos cardiovasculares maiores, inclusive óbito, na fase aguda da SCA.",alto risco
"Logo, a combinação entre as duas classes de medicamentos impõe um dilema: proteção contra eventos cardiovasculares e aumento demasiado no risco de sangramento.202 Nesse cenário, cinco ensaios clínicos randomizados (quatro com o uso de ACOD e um com o uso de varfarina) avaliaram o uso de tripla terapia com ácido acetilsalicílico (AAS), inibidor da P2Y12 (majoritariamente clopidogrel), anticoagulante contra dupla terapia com inibidor da P2Y12 (majoritariamente clopidogrel) e anticoagulante em pacientes portadores de FA com SCA recente ou pósangioplastia eletiva (Tabela 13).203-207 A despeito de algum grau de heterogeneidade, todos de maneira geral demonstraram redução nas taxas de sangramento com a dupla terapia sem aumento de eventos isquêmicos.",alto risco
"Reações locais: podem ocorrer dor, hematomas e irritação local leve após a administração subcutânea de enoxaparina sódica.",alto risco
"Já está bem estabelecido que a presença do miR-1 no sangue auxilia a identificação do IAM, mas sua utilização como biomarcador a longo-prazo não é recomendada, devido ao curto tempo no qual ele permanece na circulação sanguínea.",baixo risco
"O critério diagnóstico mais comumente utilizado é o aumento da creatinina sérica de pelo menos 0,3 mg/dl ou pelo menos 25% nos primeiros cinco dias de internação, o que difere da definição atual do KDIGO para IRA.33 Além disso, a definição da piora da função renal não inclui IRA na admissão, que está associada a mortalidade e eventos cardiovasculares.34 Abordagens comuns para o diagnóstico de SCRA incluem o uso das seguintes referências de creatinina basal, a partir Tabela 2 – Critérios usados pelas classificações RIFLE34, AKIN35, KDIGO36 e WRF11 para definir injúria renal aguda Critérios WRF RIFLE AKIN KDIGO Anos 2002 2004 2007 2012 Classificação Aumento da CrS Aumento da CrS Queda na TFG Aumento da CrS Aumento da CrS Estágio 1 / Risco ≥ 0,3 mg/dl ≥ 1,5x CrB ≥ 25% > 1,5-1,9x CrB ou ≥ 0,3 mg/dl ≥ 1,5x CrB ou ≥ 0,3 mg/dl Estágio 2 / Injúria - ≥ 2x CrB ≥ 50% > 2-2,9x CrB ≥ 2x CrB Estágio 3 / Falência - ≥ 3x CrB ≥ 75% ≥ 3x CrB ≥ 3x CrB - Ou CrS ≥ 4mg/dl e aumento de 0,5mg/dl Ou CrS ≥ 4mg/dL e aumento de 0,5mg/dl ou início de diálise Ou CrS ≥ 4mg/dl Período mínimo para que IRA ocorra Aumento da CrS em qualquer momento da internação Variações da CrS em 1-7 dias por mais de 24 h Alterações agudas da sCr em 48 h durante a internação Elevação ≥ 1,5x CrB em 7 dias, ou aumento mínimo de 0,3 mg/dl na CrS em 48 h WRF (worsening renal function), piora da função renal;",alto risco
"Após análise de regressão logística, foi observado que um conjunto de 5 miRNAs (miR-106a-5p, -424-5p, miR-144-3p, miR-660-5p e let-7g-5p) melhor prediziam o IAM, com 77% de acerto para ambos os gêneros.27 Jia et al.,28 mostraram que os miR-30d-5p e -125b-5p também possuem valor diagnóstico para o IAM, quando avaliados em pacientes com síndrome coronariana aguda.28 Em modelo animal de IAM cirúrgico, o miR-208a apresentou níveis circulantes elevados 4 horas e 24 horas após a indução do infarto.25 Diversos estudos já foram realizados com o foco em se avaliar o valor prognóstico e/ou diagnóstico dos miRNAs na IC, assim como no tratamento da IC.",baixo risco
"Dentre os RNAs reguladores destacam-se o miRNA, o pequeno RNA de interferência (siRNA), o piwiRNA (piRNA) e o longo RNA não-codificador (lncRNA).5 Dessa ampla variedade de classes de RNAs não‑codificantes, os miRNAs se tornaram alvo de grande interesse devido à associação observada entre a sua desregulação e o surgimento de alterações fenotípicas e patológicas.6 Os miRNAs são definidos como pequenas moléculas endógenas de ácido 738 Artigo de Revisão Silva et al miRNAs e doença cardiovascular Arq Bras Cardiol.",baixo risco
"Quadro 5.1 – Orientações quanto ao manejo de via aérea durante a parada cardiorrespiratória Recomendações Classe de Recomendação Nível de Evidência Em pacientes em PCR sem via aérea avançada, manter ventilações com bolsa-válvula-máscara na frequência de 30 compressões para 2 ventilações IIa C, dados limitados Oxigênio a 100% durante as manobras de RCP IIa C Inserção de via aérea avançada não deve atrasar o início da RCP e a desfibrilação I C Se a inserção da via aérea avançada for causar interrupção nas compressões torácicas, o socorrista pode optar por atrasar esta inserção, até que haja falência de resposta às medidas de RCP e desfibrilação, ou até o RCE IIb C Tanto ventilação com bolsa-válvula-máscara quanto com via aérea avançada podem ser utilizadas para oxigenação e ventilação durante uma PCR IIb C, dados limitados Para profissionais de saúde treinados, tanto dispositivos supraglóticos quanto a intubação orotraqueal podem ser indicados como via aérea avançada IIb C, dados limitados Treinamento frequente é recomendado para socorristas que realizam intubação orotraqueal I B Para facilitar a ventilação com bolsa-válvula-máscara, a cânula orofaríngea pode ser utilizada em pacientes sem reflexo de tosse ou vômito, sendo inserida apenas por profissionais treinados em seu uso IIa C Para facilitar a ventilação com bolsa-válvula-máscara em paciente com fratura de base de crânio confirmada ou suspeita ou coagulopatia grave, preferir a cânula orofaríngea em detrimento da nasofaríngea IIa C O uso rotineiro da pressão cricoide durante a PCR não é recomendado III C Capnografia contínua com forma de onda é recomendada após avaliação clínica para confirmação e monitorização do posicionamento correto da intubação orotraqueal I C, dados limitados Se a capnografia contínua com forma de onda não está disponível, alternativas possíveis são detector de dióxido de carbono sem forma de onda, detector esofágico e ultrassonografia IIa C, dados limitados O tubo orotraqueal deve ser fixado com fita convencional, bandagem ou dispositivo comercial I C Após a instalação de uma via aérea avançada, proceder a ventilações a cada 6 segundos (10 ventilações/ minuto) enquanto compressões são realizadas de maneira contínua IIb C, dados limitados PCR: parada cardiorrespiratória;",alto risco
"Esses marcadores são vantajosos porque são de fácil acesso, possuem cálculos simples e são de baixo custo, o que facilita sua aplicação na prática.9 Além disso, são importantes para detectar indivíduos com alto risco de desenvolver DCV para que seja possível realizar intervenções prévias e obter informações relacionadas ao seu prognóstico.7 Os marcadores hematológicos inflamatórios incluem a relação NLR – neutrófilos/linfócitos;",baixo risco
